﻿<?xml version="1.0" encoding="utf-8"?><toc><breadcrumbs><li><a href="9d30b5c1-fb27-e7f4-7fd8-01c70514bbde.htm">Docs</a></li><li><a href="9d30b5c1-fb27-e7f4-7fd8-01c70514bbde.htm">Car<wbr />Rental<wbr />App</a></li></breadcrumbs><tocItems><li><a id="bc6de518-cc6e-c513-8a89-24580de32af0" class="has-submenu" href="bc6de518-cc6e-c513-8a89-24580de32af0.htm"><span data-tocFile="../toc/IDAA.xml" class="icon toggle" onclick="ToggleExpandCollapse(this); return false;"><i class="fa fa-angle-right"> </i></span>Bundle<wbr />Config</a><ul class="toc-menu is-hidden"> </ul></li><li><a id="e909373b-b96a-30f0-08c3-567ea7c6a01f" class="has-submenu" href="e909373b-b96a-30f0-08c3-567ea7c6a01f.htm"><span data-tocFile="../toc/IDBA.xml" class="icon toggle" onclick="ToggleExpandCollapse(this); return false;"><i class="fa fa-angle-right"> </i></span>Filter<wbr />Config</a><ul class="toc-menu is-hidden"> </ul></li><li><a id="b88757f7-d524-558a-ca37-cb0d7bf3e882" class="has-submenu" href="b88757f7-d524-558a-ca37-cb0d7bf3e882.htm"><span data-tocFile="../toc/IDCA.xml" class="icon toggle" onclick="ToggleExpandCollapse(this); return false;"><i class="fa fa-angle-right"> </i></span>Mvc<wbr />Application</a><ul class="toc-menu is-hidden"> </ul></li><li><a id="ff47ea8d-28b3-5ed2-1929-32750d36c653" class="has-submenu" href="ff47ea8d-28b3-5ed2-1929-32750d36c653.htm"><span data-tocFile="../toc/IDDA.xml" class="icon toggle" onclick="ToggleExpandCollapse(this); return false;"><i class="fa fa-angle-right"> </i></span>Route<wbr />Config</a><ul class="toc-menu is-hidden"> </ul></li></tocItems></toc>