﻿<?xml version="1.0" encoding="utf-8"?><toc><breadcrumbs><li><a href="9d30b5c1-fb27-e7f4-7fd8-01c70514bbde.htm">Docs</a></li><li><a href="3a0f4e9e-3b62-c485-e6c5-7fd23d40e98e.htm">Car<wbr />Rental<wbr />App.<wbr />Models.<wbr />Db<wbr />Models</a></li><li><a href="f6861b48-e1d7-06f5-09c4-cde838b08113.htm">Booking</a></li><li><a href="69bc43ce-b116-e9be-2d00-4cafd65951d1.htm">Constructors</a></li></breadcrumbs><tocItems><li><a id="dba9d3cc-db38-5abb-7eef-88c78d2a4229" href="dba9d3cc-db38-5abb-7eef-88c78d2a4229.htm">Booking</a></li><li><a id="95c226bc-4e1b-9047-1c23-b65e6e9b22b3" href="95c226bc-4e1b-9047-1c23-b65e6e9b22b3.htm">Booking(<wbr />Date<wbr />Time, Date<wbr />Time, Client, Car)</a></li></tocItems></toc>