﻿<?xml version="1.0" encoding="utf-8"?><toc><breadcrumbs><li><a href="9d30b5c1-fb27-e7f4-7fd8-01c70514bbde.htm">Docs</a></li><li><a href="9d30b5c1-fb27-e7f4-7fd8-01c70514bbde.htm">Car<wbr />Rental<wbr />App</a></li><li><a href="bc6de518-cc6e-c513-8a89-24580de32af0.htm">Bundle<wbr />Config</a></li></breadcrumbs><tocItems><li><a id="51f554c3-3ef9-c60e-f1de-2fb49e5e654f" href="51f554c3-3ef9-c60e-f1de-2fb49e5e654f.htm">Constructor</a></li><li><a id="f6f895b3-4b9a-70fd-8fa4-a98645f2333a" class="has-submenu" href="f6f895b3-4b9a-70fd-8fa4-a98645f2333a.htm"><span data-tocFile="../toc/IDBAA.xml" class="icon toggle" onclick="ToggleExpandCollapse(this); return false;"><i class="fa fa-angle-right"> </i></span>Methods</a><ul class="toc-menu is-hidden"> </ul></li></tocItems></toc>