﻿<?xml version="1.0" encoding="utf-8"?><toc><breadcrumbs><li><a href="9d30b5c1-fb27-e7f4-7fd8-01c70514bbde.htm">Docs</a></li><li><a href="bfa2a3f6-5225-4050-ce58-60ccabd99e69.htm">Car<wbr />Rental<wbr />App.<wbr />Controllers</a></li><li><a href="a2f31c51-036d-48d3-70b9-b73c68406768.htm">Bookings<wbr />Controller</a></li></breadcrumbs><tocItems><li><a id="8c4cb245-c61f-f81f-8b01-bf58c56307be" href="8c4cb245-c61f-f81f-8b01-bf58c56307be.htm">Constructor</a></li><li><a id="e107db64-ce9a-c09f-352f-05c09ffe9286" href="e107db64-ce9a-c09f-352f-05c09ffe9286.htm">Properties</a></li><li><a id="db2c4ed0-19ab-ea51-c1cb-b0ff2d5a0104" class="has-submenu" href="db2c4ed0-19ab-ea51-c1cb-b0ff2d5a0104.htm"><span data-tocFile="../toc/IDCAB.xml" class="icon toggle" onclick="ToggleExpandCollapse(this); return false;"><i class="fa fa-angle-right"> </i></span>Methods</a><ul class="toc-menu is-hidden"> </ul></li><li><a id="26aa93b3-b60b-180a-4f44-41de1cd55bf2" class="has-submenu" href="26aa93b3-b60b-180a-4f44-41de1cd55bf2.htm"><span data-tocFile="../toc/IDDAB.xml" class="icon toggle" onclick="ToggleExpandCollapse(this); return false;"><i class="fa fa-angle-right"> </i></span>Fields</a><ul class="toc-menu is-hidden"> </ul></li></tocItems></toc>