﻿<?xml version="1.0" encoding="utf-8"?><toc><breadcrumbs><li><a href="9d30b5c1-fb27-e7f4-7fd8-01c70514bbde.htm">Docs</a></li><li><a href="3a0f4e9e-3b62-c485-e6c5-7fd23d40e98e.htm">Car<wbr />Rental<wbr />App.<wbr />Models.<wbr />Db<wbr />Models</a></li><li><a href="d5ca81c1-74ba-4798-a718-5ea6007e1f8b.htm">Car</a></li><li><a href="6e41ebfa-3f27-c738-33fe-075a9fcd2350.htm">Constructors</a></li></breadcrumbs><tocItems><li><a id="efad4780-3fed-4385-282a-7647ad95bea1" href="efad4780-3fed-4385-282a-7647ad95bea1.htm">Car</a></li><li><a id="6baa5d35-a14d-c2ca-49a4-02873ff6cc7a" href="6baa5d35-a14d-c2ca-49a4-02873ff6cc7a.htm">Car(<wbr />String, String, String, Car<wbr />Model, String, String, String, String, Enum<wbr />Car<wbr />Body)</a></li></tocItems></toc>