﻿<?xml version="1.0" encoding="utf-8"?><toc><breadcrumbs><li><a href="9d30b5c1-fb27-e7f4-7fd8-01c70514bbde.htm">Docs</a></li><li><a href="bfa2a3f6-5225-4050-ce58-60ccabd99e69.htm">Car<wbr />Rental<wbr />App.<wbr />Controllers</a></li><li><a href="12d96b3f-3a14-2a73-ef17-0f3fe9740368.htm">Cars<wbr />Controller</a></li><li><a href="2cf6ef68-365f-248b-f697-b210cf13bfaf.htm">Methods</a></li><li><a href="9029efe7-dac7-ea47-7389-24506b4352e9.htm">Create</a></li></breadcrumbs><tocItems><li><a id="91baaccb-ec6f-e5b4-9d15-0e155a33403a" href="91baaccb-ec6f-e5b4-9d15-0e155a33403a.htm">Create</a></li><li><a id="f0f4a59c-84bd-3206-3e68-2552dd1a2284" href="f0f4a59c-84bd-3206-3e68-2552dd1a2284.htm">Create(<wbr />Car)</a></li></tocItems></toc>