﻿<?xml version="1.0" encoding="utf-8"?><toc><breadcrumbs><li><a href="9d30b5c1-fb27-e7f4-7fd8-01c70514bbde.htm">Docs</a></li><li><a href="bfa2a3f6-5225-4050-ce58-60ccabd99e69.htm">Car<wbr />Rental<wbr />App.<wbr />Controllers</a></li><li><a href="c15a631a-6e00-9e0d-a298-0ca7d9086d60.htm">Car<wbr />Models<wbr />Controller</a></li><li><a href="b49ca394-d1db-b6f1-7320-82130a8edf90.htm">Methods</a></li><li><a href="ecaf8ae9-447e-1f1d-d013-6b6dee0844c4.htm">Create</a></li></breadcrumbs><tocItems><li><a id="94961864-7637-356c-b5c2-1bda4602bdda" href="94961864-7637-356c-b5c2-1bda4602bdda.htm">Create</a></li><li><a id="cee74524-991d-7e34-a372-a702d30dca66" href="cee74524-991d-7e34-a372-a702d30dca66.htm">Create(<wbr />Car<wbr />Model)</a></li></tocItems></toc>