﻿<?xml version="1.0" encoding="utf-8"?><toc><breadcrumbs><li><a href="9d30b5c1-fb27-e7f4-7fd8-01c70514bbde.htm">Docs</a></li><li><a href="3a0f4e9e-3b62-c485-e6c5-7fd23d40e98e.htm">Car<wbr />Rental<wbr />App.<wbr />Models.<wbr />Db<wbr />Models</a></li><li><a href="06113df1-f1e7-04a7-0014-72e7ef0b784b.htm">Car<wbr />Model</a></li><li><a href="598b3b45-aaeb-d43f-451a-dcb56233bc4c.htm">Constructors</a></li></breadcrumbs><tocItems><li><a id="37783214-93ba-e503-16bd-5dee63f3597f" href="37783214-93ba-e503-16bd-5dee63f3597f.htm">Car<wbr />Model</a></li><li><a id="bd3afd14-bcd3-3205-5077-bbe65fdcc2e7" href="bd3afd14-bcd3-3205-5077-bbe65fdcc2e7.htm">Car<wbr />Model(<wbr />String, String)</a></li></tocItems></toc>