﻿<?xml version="1.0" encoding="utf-8"?><toc><breadcrumbs><li><a href="9d30b5c1-fb27-e7f4-7fd8-01c70514bbde.htm">Docs</a></li><li><a href="bfa2a3f6-5225-4050-ce58-60ccabd99e69.htm">Car<wbr />Rental<wbr />App.<wbr />Controllers</a></li><li><a href="67d0a1f9-aee1-4616-3f26-4197db0d43cb.htm">Workers<wbr />Controller</a></li><li><a href="45010246-fb5c-2bf4-dbb9-dead3275b19d.htm">Methods</a></li><li><a href="fd618800-dd1b-ddb3-223a-5fb859ca81c3.htm">Create</a></li></breadcrumbs><tocItems><li><a id="ff8c40ce-fbdd-1a0d-4c6f-5dec684a0224" href="ff8c40ce-fbdd-1a0d-4c6f-5dec684a0224.htm">Create</a></li><li><a id="5f33a4fe-e7f9-acc4-6053-e983e7d25daa" href="5f33a4fe-e7f9-acc4-6053-e983e7d25daa.htm">Create(<wbr />Worker)</a></li></tocItems></toc>