﻿<?xml version="1.0" encoding="utf-8"?><toc><breadcrumbs><li><a href="9d30b5c1-fb27-e7f4-7fd8-01c70514bbde.htm">Docs</a></li><li><a href="2d62d35d-de95-82db-73d7-cc79bbca861c.htm">Car<wbr />Rental<wbr />App.<wbr />Migrations</a></li><li><a href="c6e1e6f5-1335-755b-b19e-93687312d554.htm">Configuration</a></li></breadcrumbs><tocItems><li><a id="e2296f80-4fa2-db1e-fbae-32f686d48809" href="e2296f80-4fa2-db1e-fbae-32f686d48809.htm">Constructor</a></li><li><a id="3c438fe8-fe4e-c816-4edd-551a29c62187" href="3c438fe8-fe4e-c816-4edd-551a29c62187.htm">Properties</a></li><li><a id="27ee333a-ff64-b5f6-2fd3-99944f62ff4c" class="has-submenu" href="27ee333a-ff64-b5f6-2fd3-99944f62ff4c.htm"><span data-tocFile="../toc/IDCAC.xml" class="icon toggle" onclick="ToggleExpandCollapse(this); return false;"><i class="fa fa-angle-right"> </i></span>Methods</a><ul class="toc-menu is-hidden"> </ul></li></tocItems></toc>