﻿<?xml version="1.0" encoding="utf-8"?><toc><breadcrumbs><li><a href="9d30b5c1-fb27-e7f4-7fd8-01c70514bbde.htm">Docs</a></li><li><a href="bfa2a3f6-5225-4050-ce58-60ccabd99e69.htm">Car<wbr />Rental<wbr />App.<wbr />Controllers</a></li><li><a href="7485bfbf-10a3-7adc-c95f-f88447b43881.htm">Clients<wbr />Controller</a></li><li><a href="d763a53d-698f-dc6e-8b54-7ea19980afe7.htm">Methods</a></li><li><a href="cf4bc38a-48d8-4acd-2d86-0b3aee58733f.htm">Create</a></li></breadcrumbs><tocItems><li><a id="6025b583-9a64-928b-0ae3-b7b1d81cf30a" href="6025b583-9a64-928b-0ae3-b7b1d81cf30a.htm">Create</a></li><li><a id="a1d7aaf1-1804-665f-59e6-efdcf9e30273" href="a1d7aaf1-1804-665f-59e6-efdcf9e30273.htm">Create(<wbr />Client)</a></li></tocItems></toc>