﻿<?xml version="1.0" encoding="utf-8"?><toc><breadcrumbs><li><a href="9d30b5c1-fb27-e7f4-7fd8-01c70514bbde.htm">Docs</a></li><li><a href="c8954ab7-f0b1-a195-66ed-fcd723b1be41.htm">Car<wbr />Rental<wbr />App.<wbr />Models</a></li><li><a href="0f01447b-3f7b-aeee-d84b-2a405a4cab93.htm">Database<wbr />Context</a></li></breadcrumbs><tocItems><li><a id="30d28bea-61ed-fa31-625c-e070fb7eec61" href="30d28bea-61ed-fa31-625c-e070fb7eec61.htm">Constructor</a></li><li><a id="55f1e94a-5c7c-e2c0-6fb6-8279c0f880e3" class="has-submenu" href="55f1e94a-5c7c-e2c0-6fb6-8279c0f880e3.htm"><span data-tocFile="../toc/IDBAD.xml" class="icon toggle" onclick="ToggleExpandCollapse(this); return false;"><i class="fa fa-angle-right"> </i></span>Properties</a><ul class="toc-menu is-hidden"> </ul></li><li><a id="875bedb2-dab7-f36a-745b-b1fd806397ef" href="875bedb2-dab7-f36a-745b-b1fd806397ef.htm">Methods</a></li></tocItems></toc>