﻿<?xml version="1.0" encoding="utf-8"?><toc><breadcrumbs><li><a href="9d30b5c1-fb27-e7f4-7fd8-01c70514bbde.htm">Docs</a></li><li><a href="3a0f4e9e-3b62-c485-e6c5-7fd23d40e98e.htm">Car<wbr />Rental<wbr />App.<wbr />Models.<wbr />Db<wbr />Models</a></li><li><a href="1ea3b367-3fb7-9ed1-0575-620c05a76b74.htm">Client</a></li><li><a href="716f0640-66c0-935f-f0ff-8be4a303e274.htm">Constructors</a></li></breadcrumbs><tocItems><li><a id="38d3f2ba-ee9f-7f36-92a6-09ea2b3e80d1" href="38d3f2ba-ee9f-7f36-92a6-09ea2b3e80d1.htm">Client</a></li><li><a id="3418a341-d65f-90b8-6124-0b474c5e343f" href="3418a341-d65f-90b8-6124-0b474c5e343f.htm">Client(<wbr />String, String, Identity<wbr />Document, String, String, String, String, String, String, String)</a></li></tocItems></toc>