﻿<?xml version="1.0" encoding="utf-8"?><toc><breadcrumbs><li><a href="9d30b5c1-fb27-e7f4-7fd8-01c70514bbde.htm">Docs</a></li><li><a href="3a0f4e9e-3b62-c485-e6c5-7fd23d40e98e.htm">Car<wbr />Rental<wbr />App.<wbr />Models.<wbr />Db<wbr />Models</a></li><li><a href="f6861b48-e1d7-06f5-09c4-cde838b08113.htm">Booking</a></li></breadcrumbs><tocItems><li><a id="69bc43ce-b116-e9be-2d00-4cafd65951d1" class="has-submenu" href="69bc43ce-b116-e9be-2d00-4cafd65951d1.htm"><span data-tocFile="../toc/IDAAE.xml" class="icon toggle" onclick="ToggleExpandCollapse(this); return false;"><i class="fa fa-angle-right"> </i></span>Constructors</a><ul class="toc-menu is-hidden"> </ul></li><li><a id="e41ecd82-5319-acca-4f9c-8964fae9a7d6" class="has-submenu" href="e41ecd82-5319-acca-4f9c-8964fae9a7d6.htm"><span data-tocFile="../toc/IDBAE.xml" class="icon toggle" onclick="ToggleExpandCollapse(this); return false;"><i class="fa fa-angle-right"> </i></span>Properties</a><ul class="toc-menu is-hidden"> </ul></li><li><a id="812e0ea7-b8a6-bb84-0c73-53d20a4881a9" class="has-submenu" href="812e0ea7-b8a6-bb84-0c73-53d20a4881a9.htm"><span data-tocFile="../toc/IDCAE.xml" class="icon toggle" onclick="ToggleExpandCollapse(this); return false;"><i class="fa fa-angle-right"> </i></span>Methods</a><ul class="toc-menu is-hidden"> </ul></li><li><a id="4ebd3ec9-ef79-96ba-de28-efdf084cbea6" class="has-submenu" href="4ebd3ec9-ef79-96ba-de28-efdf084cbea6.htm"><span data-tocFile="../toc/IDDAE.xml" class="icon toggle" onclick="ToggleExpandCollapse(this); return false;"><i class="fa fa-angle-right"> </i></span>Fields</a><ul class="toc-menu is-hidden"> </ul></li></tocItems></toc>