﻿<?xml version="1.0" encoding="utf-8"?><toc><breadcrumbs><li><a href="9d30b5c1-fb27-e7f4-7fd8-01c70514bbde.htm">Docs</a></li><li><a href="724709de-2b40-d8b1-d414-08234dfbd06a.htm">Car<wbr />Rental<wbr />App.<wbr />Models.<wbr />View<wbr />Models</a></li><li><a href="fb6e9ae9-7b58-6799-6008-eeba5a0380db.htm">Bookings<wbr />View<wbr />Model</a></li></breadcrumbs><tocItems><li><a id="6220e8e6-6c6f-a5c4-3a4e-66330d3acca4" href="6220e8e6-6c6f-a5c4-3a4e-66330d3acca4.htm">Constructor</a></li><li><a id="44b34562-c202-ab66-500d-7a3a7d347df0" class="has-submenu" href="44b34562-c202-ab66-500d-7a3a7d347df0.htm"><span data-tocFile="../toc/IDBAF.xml" class="icon toggle" onclick="ToggleExpandCollapse(this); return false;"><i class="fa fa-angle-right"> </i></span>Properties</a><ul class="toc-menu is-hidden"> </ul></li><li><a id="2283e75b-76f2-a5f9-5674-dc74657f4ef1" href="2283e75b-76f2-a5f9-5674-dc74657f4ef1.htm">Methods</a></li></tocItems></toc>