﻿<?xml version="1.0" encoding="utf-8"?><toc><breadcrumbs><li><a href="9d30b5c1-fb27-e7f4-7fd8-01c70514bbde.htm">Docs</a></li><li><a href="3a0f4e9e-3b62-c485-e6c5-7fd23d40e98e.htm">Car<wbr />Rental<wbr />App.<wbr />Models.<wbr />Db<wbr />Models</a></li><li><a href="cd84a643-93ce-241c-6f67-822fc5046f95.htm">Rental</a></li><li><a href="416ec3d5-3bae-43a0-8898-cb01bb2fedc3.htm">Constructors</a></li></breadcrumbs><tocItems><li><a id="a164a62a-a3e2-986a-dd3e-c730cd1dda71" href="a164a62a-a3e2-986a-dd3e-c730cd1dda71.htm">Rental</a></li><li><a id="0dda531b-e165-d569-ceff-99bb82fcfb08" href="0dda531b-e165-d569-ceff-99bb82fcfb08.htm">Rental(<wbr />Date<wbr />Time, Date<wbr />Time, Client, Worker, Car)</a></li></tocItems></toc>