﻿<?xml version="1.0" encoding="utf-8"?><toc><breadcrumbs><li><a href="9d30b5c1-fb27-e7f4-7fd8-01c70514bbde.htm">Docs</a></li><li><a href="3a0f4e9e-3b62-c485-e6c5-7fd23d40e98e.htm">Car<wbr />Rental<wbr />App.<wbr />Models.<wbr />Db<wbr />Models</a></li><li><a href="e583f406-0da6-931f-62f9-bc9eedc7fc51.htm">Worker</a></li><li><a href="f2abd1e8-38c6-6863-02d6-1462b6bb5567.htm">Constructors</a></li></breadcrumbs><tocItems><li><a id="100fca28-520d-e098-106b-2ad658a1923f" href="100fca28-520d-e098-106b-2ad658a1923f.htm">Worker</a></li><li><a id="a2b0880f-ed25-b4a9-923a-6970f2387577" href="a2b0880f-ed25-b4a9-923a-6970f2387577.htm">Worker(<wbr />String, String)</a></li></tocItems></toc>