﻿<?xml version="1.0" encoding="utf-8"?><toc><breadcrumbs><li><a href="9d30b5c1-fb27-e7f4-7fd8-01c70514bbde.htm">Docs</a></li><li><a href="bfa2a3f6-5225-4050-ce58-60ccabd99e69.htm">Car<wbr />Rental<wbr />App.<wbr />Controllers</a></li></breadcrumbs><tocItems><li><a id="a2f31c51-036d-48d3-70b9-b73c68406768" class="has-submenu" href="a2f31c51-036d-48d3-70b9-b73c68406768.htm"><span data-tocFile="../toc/IDAB.xml" class="icon toggle" onclick="ToggleExpandCollapse(this); return false;"><i class="fa fa-angle-right"> </i></span>Bookings<wbr />Controller</a><ul class="toc-menu is-hidden"> </ul></li><li><a id="c15a631a-6e00-9e0d-a298-0ca7d9086d60" class="has-submenu" href="c15a631a-6e00-9e0d-a298-0ca7d9086d60.htm"><span data-tocFile="../toc/IDBB.xml" class="icon toggle" onclick="ToggleExpandCollapse(this); return false;"><i class="fa fa-angle-right"> </i></span>Car<wbr />Models<wbr />Controller</a><ul class="toc-menu is-hidden"> </ul></li><li><a id="12d96b3f-3a14-2a73-ef17-0f3fe9740368" class="has-submenu" href="12d96b3f-3a14-2a73-ef17-0f3fe9740368.htm"><span data-tocFile="../toc/IDCB.xml" class="icon toggle" onclick="ToggleExpandCollapse(this); return false;"><i class="fa fa-angle-right"> </i></span>Cars<wbr />Controller</a><ul class="toc-menu is-hidden"> </ul></li><li><a id="7485bfbf-10a3-7adc-c95f-f88447b43881" class="has-submenu" href="7485bfbf-10a3-7adc-c95f-f88447b43881.htm"><span data-tocFile="../toc/IDDB.xml" class="icon toggle" onclick="ToggleExpandCollapse(this); return false;"><i class="fa fa-angle-right"> </i></span>Clients<wbr />Controller</a><ul class="toc-menu is-hidden"> </ul></li><li><a id="40a14c8a-0251-cf3b-d17d-679f55a9e514" class="has-submenu" href="40a14c8a-0251-cf3b-d17d-679f55a9e514.htm"><span data-tocFile="../toc/IDEB.xml" class="icon toggle" onclick="ToggleExpandCollapse(this); return false;"><i class="fa fa-angle-right"> </i></span>Home<wbr />Controller</a><ul class="toc-menu is-hidden"> </ul></li><li><a id="af5afeef-ecff-8644-6488-cc9ec6caa44d" class="has-submenu" href="af5afeef-ecff-8644-6488-cc9ec6caa44d.htm"><span data-tocFile="../toc/IDFB.xml" class="icon toggle" onclick="ToggleExpandCollapse(this); return false;"><i class="fa fa-angle-right"> </i></span>Rentals<wbr />Controller</a><ul class="toc-menu is-hidden"> </ul></li><li><a id="67d0a1f9-aee1-4616-3f26-4197db0d43cb" class="has-submenu" href="67d0a1f9-aee1-4616-3f26-4197db0d43cb.htm"><span data-tocFile="../toc/IDGB.xml" class="icon toggle" onclick="ToggleExpandCollapse(this); return false;"><i class="fa fa-angle-right"> </i></span>Workers<wbr />Controller</a><ul class="toc-menu is-hidden"> </ul></li></tocItems></toc>