﻿<?xml version="1.0" encoding="utf-8"?><toc><breadcrumbs><li><a href="9d30b5c1-fb27-e7f4-7fd8-01c70514bbde.htm">Docs</a></li><li><a href="9d30b5c1-fb27-e7f4-7fd8-01c70514bbde.htm">Car<wbr />Rental<wbr />App</a></li><li><a href="bc6de518-cc6e-c513-8a89-24580de32af0.htm">Bundle<wbr />Config</a></li><li><a href="f6f895b3-4b9a-70fd-8fa4-a98645f2333a.htm">Methods</a></li></breadcrumbs><tocItems><li><a id="ba39643b-f573-d351-fb39-d187e327e800" href="ba39643b-f573-d351-fb39-d187e327e800.htm">Register<wbr />Bundles</a></li></tocItems></toc>