﻿<?xml version="1.0" encoding="utf-8"?><toc><breadcrumbs><li><a href="9d30b5c1-fb27-e7f4-7fd8-01c70514bbde.htm">Docs</a></li><li><a href="c8954ab7-f0b1-a195-66ed-fcd723b1be41.htm">Car<wbr />Rental<wbr />App.<wbr />Models</a></li><li><a href="0f01447b-3f7b-aeee-d84b-2a405a4cab93.htm">Database<wbr />Context</a></li><li><a href="55f1e94a-5c7c-e2c0-6fb6-8279c0f880e3.htm">Properties</a></li></breadcrumbs><tocItems><li><a id="f5d7deb4-1990-506d-fd40-6227b395f382" href="f5d7deb4-1990-506d-fd40-6227b395f382.htm">Bookings</a></li><li><a id="60a76b6c-7faa-d4e6-bc9b-99ef1e52323e" href="60a76b6c-7faa-d4e6-bc9b-99ef1e52323e.htm">Cars</a></li><li><a id="3082d4d9-9247-78c4-a7a0-8879b341e4d6" href="3082d4d9-9247-78c4-a7a0-8879b341e4d6.htm">Clients</a></li><li><a id="2fb2bad4-3900-5493-97dd-24053e855fc3" href="2fb2bad4-3900-5493-97dd-24053e855fc3.htm">Models</a></li><li><a id="65d14365-df7f-a1b7-865e-b718214a0a80" href="65d14365-df7f-a1b7-865e-b718214a0a80.htm">Rentals</a></li><li><a id="9ebf65a9-2c60-35d1-2bd2-1a41a76c6c6f" href="9ebf65a9-2c60-35d1-2bd2-1a41a76c6c6f.htm">Workers</a></li></tocItems></toc>