﻿<?xml version="1.0" encoding="utf-8"?><toc><breadcrumbs><li><a href="9d30b5c1-fb27-e7f4-7fd8-01c70514bbde.htm">Docs</a></li><li><a href="724709de-2b40-d8b1-d414-08234dfbd06a.htm">Car<wbr />Rental<wbr />App.<wbr />Models.<wbr />View<wbr />Models</a></li><li><a href="fb6e9ae9-7b58-6799-6008-eeba5a0380db.htm">Bookings<wbr />View<wbr />Model</a></li><li><a href="44b34562-c202-ab66-500d-7a3a7d347df0.htm">Properties</a></li></breadcrumbs><tocItems><li><a id="90b6ec79-210a-384a-a3c3-6333fea8ec54" href="90b6ec79-210a-384a-a3c3-6333fea8ec54.htm">Booking<wbr />End<wbr />Date</a></li><li><a id="bb5f7a64-54b9-d965-3f50-c2c3df1e3c1e" href="bb5f7a64-54b9-d965-3f50-c2c3df1e3c1e.htm">Booking<wbr />Start<wbr />Date</a></li><li><a id="f68e4228-f725-259c-6eb4-36f407fc73dc" href="f68e4228-f725-259c-6eb4-36f407fc73dc.htm">Car<wbr />Registration<wbr />Number</a></li><li><a id="2ff3918e-4e41-a6c0-5a53-e7a842ff3953" href="2ff3918e-4e41-a6c0-5a53-e7a842ff3953.htm">Client<wbr />Id</a></li></tocItems></toc>