﻿<?xml version="1.0" encoding="utf-8"?><toc><breadcrumbs><li><a href="9d30b5c1-fb27-e7f4-7fd8-01c70514bbde.htm">Docs</a></li><li><a href="9d30b5c1-fb27-e7f4-7fd8-01c70514bbde.htm">Car<wbr />Rental<wbr />App</a></li><li><a href="e909373b-b96a-30f0-08c3-567ea7c6a01f.htm">Filter<wbr />Config</a></li></breadcrumbs><tocItems><li><a id="eda9015e-4fcf-9987-b2b1-c0328f38d4f9" href="eda9015e-4fcf-9987-b2b1-c0328f38d4f9.htm">Constructor</a></li><li><a id="8b505ac4-6c36-0e54-1606-195a0d533efa" class="has-submenu" href="8b505ac4-6c36-0e54-1606-195a0d533efa.htm"><span data-tocFile="../toc/IDBBA.xml" class="icon toggle" onclick="ToggleExpandCollapse(this); return false;"><i class="fa fa-angle-right"> </i></span>Methods</a><ul class="toc-menu is-hidden"> </ul></li></tocItems></toc>