﻿<?xml version="1.0" encoding="utf-8"?><toc><breadcrumbs><li><a href="9d30b5c1-fb27-e7f4-7fd8-01c70514bbde.htm">Docs</a></li><li><a href="3a0f4e9e-3b62-c485-e6c5-7fd23d40e98e.htm">Car<wbr />Rental<wbr />App.<wbr />Models.<wbr />Db<wbr />Models</a></li><li><a href="f6861b48-e1d7-06f5-09c4-cde838b08113.htm">Booking</a></li><li><a href="e41ecd82-5319-acca-4f9c-8964fae9a7d6.htm">Properties</a></li></breadcrumbs><tocItems><li><a id="4232d617-585a-587d-a0df-7d2c845d73b6" href="4232d617-585a-587d-a0df-7d2c845d73b6.htm">Booking<wbr />Cost</a></li><li><a id="4219a3a3-7438-c24d-87c0-7e534077b22a" href="4219a3a3-7438-c24d-87c0-7e534077b22a.htm">Booking<wbr />Date</a></li><li><a id="5433fbbe-8784-ab3e-7492-1afb33c9bba1" href="5433fbbe-8784-ab3e-7492-1afb33c9bba1.htm">Booking<wbr />End<wbr />Date</a></li><li><a id="c90f3717-2d01-838e-eb63-08d291eaca55" href="c90f3717-2d01-838e-eb63-08d291eaca55.htm">Booking<wbr />Id</a></li><li><a id="5e64e83f-29c6-acdc-a79c-3d530c34d9a5" href="5e64e83f-29c6-acdc-a79c-3d530c34d9a5.htm">Booking<wbr />Start<wbr />Date</a></li><li><a id="3fb6d330-7677-3efd-9967-314e72010303" href="3fb6d330-7677-3efd-9967-314e72010303.htm">Car</a></li><li><a id="023c66b7-b420-b34c-9042-dacb59987714" href="023c66b7-b420-b34c-9042-dacb59987714.htm">Car<wbr />Registration<wbr />Number</a></li><li><a id="b30dd5ed-1dd7-6fcc-537a-6883e6434dc6" href="b30dd5ed-1dd7-6fcc-537a-6883e6434dc6.htm">Client</a></li><li><a id="65763ba6-55d0-e54f-f5ac-381f9fcc224d" href="65763ba6-55d0-e54f-f5ac-381f9fcc224d.htm">Client<wbr />Id</a></li></tocItems></toc>