﻿<?xml version="1.0" encoding="utf-8"?><toc><breadcrumbs><li><a href="9d30b5c1-fb27-e7f4-7fd8-01c70514bbde.htm">Docs</a></li><li><a href="724709de-2b40-d8b1-d414-08234dfbd06a.htm">Car<wbr />Rental<wbr />App.<wbr />Models.<wbr />View<wbr />Models</a></li><li><a href="f1c7d6ad-8c52-f5a7-974a-2c7838a8ee4d.htm">Car<wbr />Models<wbr />View<wbr />Model</a></li><li><a href="a0da7795-5abd-929b-9fcb-9ea28a7d1b36.htm">Properties</a></li></breadcrumbs><tocItems><li><a id="660a1334-7a21-b8e9-8db6-509d0cec308f" href="660a1334-7a21-b8e9-8db6-509d0cec308f.htm">Car<wbr />Brand<wbr />Name</a></li><li><a id="0a378106-282a-cdea-b593-584562af1114" href="0a378106-282a-cdea-b593-584562af1114.htm">Car<wbr />Model<wbr />Name</a></li></tocItems></toc>