﻿<?xml version="1.0" encoding="utf-8"?><toc><breadcrumbs><li><a href="9d30b5c1-fb27-e7f4-7fd8-01c70514bbde.htm">Docs</a></li><li><a href="9d30b5c1-fb27-e7f4-7fd8-01c70514bbde.htm">Car<wbr />Rental<wbr />App</a></li><li><a href="e909373b-b96a-30f0-08c3-567ea7c6a01f.htm">Filter<wbr />Config</a></li><li><a href="8b505ac4-6c36-0e54-1606-195a0d533efa.htm">Methods</a></li></breadcrumbs><tocItems><li><a id="9a7722e1-25d1-fd68-4be7-f9d9f565a6a9" href="9a7722e1-25d1-fd68-4be7-f9d9f565a6a9.htm">Register<wbr />Global<wbr />Filters</a></li></tocItems></toc>