﻿<?xml version="1.0" encoding="utf-8"?><toc><breadcrumbs><li><a href="9d30b5c1-fb27-e7f4-7fd8-01c70514bbde.htm">Docs</a></li><li><a href="2d62d35d-de95-82db-73d7-cc79bbca861c.htm">Car<wbr />Rental<wbr />App.<wbr />Migrations</a></li><li><a href="ea2ee5ad-056c-b407-30e9-56830eb68b63.htm">eight</a></li><li><a href="d27ab226-bd51-638a-1853-ea5b1b3e2e32.htm">Methods</a></li></breadcrumbs><tocItems><li><a id="33d7434b-d70b-d47e-3644-6e20f6de81c7" href="33d7434b-d70b-d47e-3644-6e20f6de81c7.htm">Down</a></li><li><a id="b0939961-a90d-ff37-7dde-4524a4f63c37" href="b0939961-a90d-ff37-7dde-4524a4f63c37.htm">Up</a></li></tocItems></toc>