﻿<?xml version="1.0" encoding="utf-8"?><toc><breadcrumbs><li><a href="9d30b5c1-fb27-e7f4-7fd8-01c70514bbde.htm">Docs</a></li><li><a href="3a0f4e9e-3b62-c485-e6c5-7fd23d40e98e.htm">Car<wbr />Rental<wbr />App.<wbr />Models.<wbr />Db<wbr />Models</a></li><li><a href="d5ca81c1-74ba-4798-a718-5ea6007e1f8b.htm">Car</a></li><li><a href="08e92a8c-9340-d3f8-f1f0-4da68e6045e5.htm">Properties</a></li></breadcrumbs><tocItems><li><a id="a0ea5933-1bae-9024-1f6a-13e85cc9a703" href="a0ea5933-1bae-9024-1f6a-13e85cc9a703.htm">Bookings</a></li><li><a id="1694cf33-430f-d443-1bac-2c377fa809c8" href="1694cf33-430f-d443-1bac-2c377fa809c8.htm">Car<wbr />Body<wbr />Type</a></li><li><a id="c4290c05-da5e-1656-f738-7fe3cd716ee5" href="c4290c05-da5e-1656-f738-7fe3cd716ee5.htm">Car<wbr />Color</a></li><li><a id="75a39157-eca1-495f-607e-674e8a53de65" href="75a39157-eca1-495f-607e-674e8a53de65.htm">Car<wbr />Is<wbr />Rented</a></li><li><a id="082474ad-a1ad-8129-a0cb-735ea8c93389" href="082474ad-a1ad-8129-a0cb-735ea8c93389.htm">Car<wbr />Mileage</a></li><li><a id="1ba7a1bc-9df5-e3ac-d4ee-659648aaddab" href="1ba7a1bc-9df5-e3ac-d4ee-659648aaddab.htm">Car<wbr />Model</a></li><li><a id="98151d29-e48e-6da1-12ec-1dc8e7c99acb" href="98151d29-e48e-6da1-12ec-1dc8e7c99acb.htm">Car<wbr />Model<wbr />Id</a></li><li><a id="e1fe929f-f6e1-03cd-8b82-c57ac6d36bd3" href="e1fe929f-f6e1-03cd-8b82-c57ac6d36bd3.htm">Car<wbr />Number<wbr />Of<wbr />Seats</a></li><li><a id="9cdddde8-66c5-e714-45af-0efaec11796a" href="9cdddde8-66c5-e714-45af-0efaec11796a.htm">Car<wbr />Power</a></li><li><a id="f3809784-0332-dd0d-ed15-ddeb9fe17fd7" href="f3809784-0332-dd0d-ed15-ddeb9fe17fd7.htm">Car<wbr />Registration<wbr />Number</a></li><li><a id="3cdbe98d-553c-d02e-d833-54ba2de5ed45" href="3cdbe98d-553c-d02e-d833-54ba2de5ed45.htm">Car<wbr />Registration<wbr />Number<wbr />Not<wbr />Key</a></li><li><a id="19adacce-c158-6a22-0a39-e2576620954d" href="19adacce-c158-6a22-0a39-e2576620954d.htm">Car<wbr />Rental<wbr />Cost</a></li><li><a id="880c486a-163d-1816-03be-463a427c362b" href="880c486a-163d-1816-03be-463a427c362b.htm">Car<wbr />Year<wbr />Of<wbr />Production</a></li><li><a id="b0fba3b3-6f6b-fa7b-ebf0-5e4d6438b967" href="b0fba3b3-6f6b-fa7b-ebf0-5e4d6438b967.htm">Full<wbr />Car<wbr />Name</a></li><li><a id="2f59e9dc-01a6-b745-57cb-c00885f1db44" href="2f59e9dc-01a6-b745-57cb-c00885f1db44.htm">Rentals</a></li></tocItems></toc>