﻿<?xml version="1.0" encoding="utf-8"?><toc><breadcrumbs><li><a href="9d30b5c1-fb27-e7f4-7fd8-01c70514bbde.htm">Docs</a></li><li><a href="bfa2a3f6-5225-4050-ce58-60ccabd99e69.htm">Car<wbr />Rental<wbr />App.<wbr />Controllers</a></li><li><a href="c15a631a-6e00-9e0d-a298-0ca7d9086d60.htm">Car<wbr />Models<wbr />Controller</a></li></breadcrumbs><tocItems><li><a id="862203fc-3adb-aefa-98d8-49633d92e5c2" href="862203fc-3adb-aefa-98d8-49633d92e5c2.htm">Constructor</a></li><li><a id="272b5818-cec0-45d1-5cd2-3693b2dd1f23" href="272b5818-cec0-45d1-5cd2-3693b2dd1f23.htm">Properties</a></li><li><a id="b49ca394-d1db-b6f1-7320-82130a8edf90" class="has-submenu" href="b49ca394-d1db-b6f1-7320-82130a8edf90.htm"><span data-tocFile="../toc/IDCBB.xml" class="icon toggle" onclick="ToggleExpandCollapse(this); return false;"><i class="fa fa-angle-right"> </i></span>Methods</a><ul class="toc-menu is-hidden"> </ul></li><li><a id="f351072e-70d1-f3f1-749d-ec5ebf279426" class="has-submenu" href="f351072e-70d1-f3f1-749d-ec5ebf279426.htm"><span data-tocFile="../toc/IDDBB.xml" class="icon toggle" onclick="ToggleExpandCollapse(this); return false;"><i class="fa fa-angle-right"> </i></span>Fields</a><ul class="toc-menu is-hidden"> </ul></li></tocItems></toc>