﻿<?xml version="1.0" encoding="utf-8"?><toc><breadcrumbs><li><a href="9d30b5c1-fb27-e7f4-7fd8-01c70514bbde.htm">Docs</a></li><li><a href="bfa2a3f6-5225-4050-ce58-60ccabd99e69.htm">Car<wbr />Rental<wbr />App.<wbr />Controllers</a></li><li><a href="af5afeef-ecff-8644-6488-cc9ec6caa44d.htm">Rentals<wbr />Controller</a></li><li><a href="4bb86d09-6ea9-fb0f-88ba-bbb2c8a81485.htm">Methods</a></li><li><a href="7f50b566-5f12-58a6-8b18-9ae5d860d048.htm">Create</a></li></breadcrumbs><tocItems><li><a id="a99220df-ca4e-c5ea-6015-75cbbc23a513" href="a99220df-ca4e-c5ea-6015-75cbbc23a513.htm">Create</a></li><li><a id="a64776a4-83eb-b18f-415c-85317db3a30c" href="a64776a4-83eb-b18f-415c-85317db3a30c.htm">Create(<wbr />Rental)</a></li></tocItems></toc>