﻿<?xml version="1.0" encoding="utf-8"?><toc><breadcrumbs><li><a href="9d30b5c1-fb27-e7f4-7fd8-01c70514bbde.htm">Docs</a></li><li><a href="2d62d35d-de95-82db-73d7-cc79bbca861c.htm">Car<wbr />Rental<wbr />App.<wbr />Migrations</a></li><li><a href="ea2ee5ad-056c-b407-30e9-56830eb68b63.htm">eight</a></li></breadcrumbs><tocItems><li><a id="0a90c8cb-c8f9-81f5-9a49-f27ba69cdc55" href="0a90c8cb-c8f9-81f5-9a49-f27ba69cdc55.htm">Constructor</a></li><li><a id="d27ab226-bd51-638a-1853-ea5b1b3e2e32" class="has-submenu" href="d27ab226-bd51-638a-1853-ea5b1b3e2e32.htm"><span data-tocFile="../toc/IDBBC.xml" class="icon toggle" onclick="ToggleExpandCollapse(this); return false;"><i class="fa fa-angle-right"> </i></span>Methods</a><ul class="toc-menu is-hidden"> </ul></li><li><a id="b4ff4c8f-c72b-4cfd-90d5-511c2b9564b0" class="has-submenu" href="b4ff4c8f-c72b-4cfd-90d5-511c2b9564b0.htm"><span data-tocFile="../toc/IDCBC.xml" class="icon toggle" onclick="ToggleExpandCollapse(this); return false;"><i class="fa fa-angle-right"> </i></span>Fields</a><ul class="toc-menu is-hidden"> </ul></li></tocItems></toc>