﻿<?xml version="1.0" encoding="utf-8"?><toc><breadcrumbs><li><a href="9d30b5c1-fb27-e7f4-7fd8-01c70514bbde.htm">Docs</a></li><li><a href="2d62d35d-de95-82db-73d7-cc79bbca861c.htm">Car<wbr />Rental<wbr />App.<wbr />Migrations</a></li><li><a href="5beec10b-cd92-7317-67d5-88bdb4a82087.htm">five</a></li><li><a href="88adae55-d27d-0fbc-bb56-e5edf7764e62.htm">Methods</a></li></breadcrumbs><tocItems><li><a id="631c9dd9-13a3-1577-49a1-a946f868827c" href="631c9dd9-13a3-1577-49a1-a946f868827c.htm">Down</a></li><li><a id="60973c13-137f-dc32-ae10-b715fe3cfdcc" href="60973c13-137f-dc32-ae10-b715fe3cfdcc.htm">Up</a></li></tocItems></toc>