﻿<?xml version="1.0" encoding="utf-8"?><toc><breadcrumbs><li><a href="9d30b5c1-fb27-e7f4-7fd8-01c70514bbde.htm">Docs</a></li><li><a href="bfa2a3f6-5225-4050-ce58-60ccabd99e69.htm">Car<wbr />Rental<wbr />App.<wbr />Controllers</a></li><li><a href="a2f31c51-036d-48d3-70b9-b73c68406768.htm">Bookings<wbr />Controller</a></li><li><a href="db2c4ed0-19ab-ea51-c1cb-b0ff2d5a0104.htm">Methods</a></li><li><a href="9e4950ec-0285-33c5-fb07-6b7428873be1.htm">Create</a></li></breadcrumbs><tocItems><li><a id="befb1ada-0343-211c-9b90-13c876074217" href="befb1ada-0343-211c-9b90-13c876074217.htm">Create</a></li><li><a id="e519725a-e2bc-65e3-c39a-770c1917f3a5" href="e519725a-e2bc-65e3-c39a-770c1917f3a5.htm">Create(<wbr />Booking)</a></li></tocItems></toc>