﻿<?xml version="1.0" encoding="utf-8"?><toc><breadcrumbs><li><a href="9d30b5c1-fb27-e7f4-7fd8-01c70514bbde.htm">Docs</a></li><li><a href="724709de-2b40-d8b1-d414-08234dfbd06a.htm">Car<wbr />Rental<wbr />App.<wbr />Models.<wbr />View<wbr />Models</a></li><li><a href="b3c30ac6-3bc7-2b71-d1d3-fc96dbc46695.htm">Cars<wbr />View<wbr />Model</a></li><li><a href="d4d353fe-f07b-440b-9ed6-e1656a76322b.htm">Properties</a></li></breadcrumbs><tocItems><li><a id="b910e07f-a982-1782-754a-d01abfac223d" href="b910e07f-a982-1782-754a-d01abfac223d.htm">Car<wbr />Body<wbr />Type</a></li><li><a id="4b994568-cb75-d23d-9787-a02598df1724" href="4b994568-cb75-d23d-9787-a02598df1724.htm">Car<wbr />Color</a></li><li><a id="9a524a51-4d92-3aa0-1042-02280d14499e" href="9a524a51-4d92-3aa0-1042-02280d14499e.htm">Car<wbr />Is<wbr />Rented</a></li><li><a id="10e424c2-07a2-dc05-ed89-c62ee77e6d16" href="10e424c2-07a2-dc05-ed89-c62ee77e6d16.htm">Car<wbr />Mileage</a></li><li><a id="9cae20ec-b06e-577f-ea8a-e9599a578f78" href="9cae20ec-b06e-577f-ea8a-e9599a578f78.htm">Car<wbr />Model<wbr />Id</a></li><li><a id="ab1e9768-b300-26bb-7f55-f553d1bb4b44" href="ab1e9768-b300-26bb-7f55-f553d1bb4b44.htm">Car<wbr />Number<wbr />Of<wbr />Seats</a></li><li><a id="50d4a865-0310-cf93-ec83-78933183f838" href="50d4a865-0310-cf93-ec83-78933183f838.htm">Car<wbr />Power</a></li><li><a id="d7965dc7-048a-9e59-ef10-3adf95e4b99f" href="d7965dc7-048a-9e59-ef10-3adf95e4b99f.htm">Car<wbr />Registration<wbr />Number<wbr />Not<wbr />Key</a></li><li><a id="55af7c04-89cc-9cd8-cbe5-1ebff7ea5dc3" href="55af7c04-89cc-9cd8-cbe5-1ebff7ea5dc3.htm">Car<wbr />Rental<wbr />Cost</a></li><li><a id="f71fb348-6e53-4a88-85d3-87287205470b" href="f71fb348-6e53-4a88-85d3-87287205470b.htm">Car<wbr />Year<wbr />Of<wbr />Production</a></li></tocItems></toc>