﻿<?xml version="1.0" encoding="utf-8"?><toc><breadcrumbs><li><a href="9d30b5c1-fb27-e7f4-7fd8-01c70514bbde.htm">Docs</a></li><li><a href="3a0f4e9e-3b62-c485-e6c5-7fd23d40e98e.htm">Car<wbr />Rental<wbr />App.<wbr />Models.<wbr />Db<wbr />Models</a></li><li><a href="06113df1-f1e7-04a7-0014-72e7ef0b784b.htm">Car<wbr />Model</a></li><li><a href="3d864990-57ae-baec-1efd-ba2efa896c87.htm">Properties</a></li></breadcrumbs><tocItems><li><a id="decd0df3-e8ff-0ae9-9c09-5966bcc52032" href="decd0df3-e8ff-0ae9-9c09-5966bcc52032.htm">Car<wbr />Brand<wbr />Name</a></li><li><a id="1466ef69-45cd-2667-2d33-e05e4923fe57" href="1466ef69-45cd-2667-2d33-e05e4923fe57.htm">Car<wbr />Model<wbr />Id</a></li><li><a id="e000e178-1d70-b62e-4f5b-08cb8e1b0efb" href="e000e178-1d70-b62e-4f5b-08cb8e1b0efb.htm">Car<wbr />Model<wbr />Name</a></li><li><a id="ed4124e0-7bb0-eaeb-56c2-54382a843f22" href="ed4124e0-7bb0-eaeb-56c2-54382a843f22.htm">Cars</a></li><li><a id="8ab86cd9-f883-2588-03bf-d30ec0375ff1" href="8ab86cd9-f883-2588-03bf-d30ec0375ff1.htm">Full<wbr />Car<wbr />Model</a></li></tocItems></toc>