﻿<?xml version="1.0" encoding="utf-8"?><toc><breadcrumbs><li><a href="9d30b5c1-fb27-e7f4-7fd8-01c70514bbde.htm">Docs</a></li><li><a href="2d62d35d-de95-82db-73d7-cc79bbca861c.htm">Car<wbr />Rental<wbr />App.<wbr />Migrations</a></li><li><a href="b47af171-6fcb-1974-5d80-7ccafc8e9590.htm">nine</a></li><li><a href="9a341d0e-1ed8-e84c-241d-842b4dc2d5a5.htm">Methods</a></li></breadcrumbs><tocItems><li><a id="1482f4b3-52d4-b0ad-1560-e11e5f7c1e44" href="1482f4b3-52d4-b0ad-1560-e11e5f7c1e44.htm">Down</a></li><li><a id="c8f49bd9-11b9-7242-9da4-55bbd66fc667" href="c8f49bd9-11b9-7242-9da4-55bbd66fc667.htm">Up</a></li></tocItems></toc>