﻿<?xml version="1.0" encoding="utf-8"?><toc><breadcrumbs><li><a href="9d30b5c1-fb27-e7f4-7fd8-01c70514bbde.htm">Docs</a></li><li><a href="3a0f4e9e-3b62-c485-e6c5-7fd23d40e98e.htm">Car<wbr />Rental<wbr />App.<wbr />Models.<wbr />Db<wbr />Models</a></li><li><a href="1ea3b367-3fb7-9ed1-0575-620c05a76b74.htm">Client</a></li><li><a href="7742620e-5e1c-c595-552f-d00be77fcd15.htm">Properties</a></li></breadcrumbs><tocItems><li><a id="f5e56cec-8aee-3565-ff71-bb4a251cecb6" href="f5e56cec-8aee-3565-ff71-bb4a251cecb6.htm">Bookings</a></li><li><a id="6d66603b-f709-58e8-a11e-88201825abe4" href="6d66603b-f709-58e8-a11e-88201825abe4.htm">Client<wbr />Building<wbr />Number</a></li><li><a id="aaf9c843-ea64-1c09-9388-92af05b7cf7b" href="aaf9c843-ea64-1c09-9388-92af05b7cf7b.htm">Client<wbr />City</a></li><li><a id="6ba816d5-838e-7793-1fa9-48a3e39a61dc" href="6ba816d5-838e-7793-1fa9-48a3e39a61dc.htm">Client<wbr />Document<wbr />Id</a></li><li><a id="4fb52996-9abb-5afd-dae2-d46bf332ca36" href="4fb52996-9abb-5afd-dae2-d46bf332ca36.htm">Client<wbr />Document<wbr />Name</a></li><li><a id="06fd19ae-c318-a836-dd00-7dcff2d4ea2f" href="06fd19ae-c318-a836-dd00-7dcff2d4ea2f.htm">Client<wbr />Email</a></li><li><a id="37a55164-f301-de1c-66a9-5c46ac2fec74" href="37a55164-f301-de1c-66a9-5c46ac2fec74.htm">Client<wbr />Flat<wbr />Number</a></li><li><a id="b99f20cc-782c-9378-cc3e-15d872cb888f" href="b99f20cc-782c-9378-cc3e-15d872cb888f.htm">Client<wbr />Full<wbr />Name</a></li><li><a id="4a7ec134-5f6d-caec-5737-89bf14547a74" href="4a7ec134-5f6d-caec-5737-89bf14547a74.htm">Client<wbr />Id</a></li><li><a id="d4e43c20-5218-6931-79d9-d4edae4e7988" href="d4e43c20-5218-6931-79d9-d4edae4e7988.htm">Client<wbr />Name</a></li><li><a id="451e13e5-e864-b842-2035-abbaa9379f2a" href="451e13e5-e864-b842-2035-abbaa9379f2a.htm">Client<wbr />Street</a></li><li><a id="e45ce366-c6c1-aaef-7962-331599969531" href="e45ce366-c6c1-aaef-7962-331599969531.htm">Client<wbr />Surname</a></li><li><a id="fb912c0a-9c94-2037-8886-a65217e625b4" href="fb912c0a-9c94-2037-8886-a65217e625b4.htm">Client<wbr />Telephone</a></li><li><a id="bdb1365b-371a-53dc-9ad6-4c1460837fee" href="bdb1365b-371a-53dc-9ad6-4c1460837fee.htm">Rentals</a></li></tocItems></toc>