﻿<?xml version="1.0" encoding="utf-8"?><toc><breadcrumbs><li><a href="9d30b5c1-fb27-e7f4-7fd8-01c70514bbde.htm">Docs</a></li><li><a href="9d30b5c1-fb27-e7f4-7fd8-01c70514bbde.htm">Car<wbr />Rental<wbr />App</a></li><li><a href="ff47ea8d-28b3-5ed2-1929-32750d36c653.htm">Route<wbr />Config</a></li><li><a href="ec2f1b71-6d68-9d5c-b12d-0921331248ad.htm">Methods</a></li></breadcrumbs><tocItems><li><a id="47a89026-05d5-349e-8229-d9e5fff50f62" href="47a89026-05d5-349e-8229-d9e5fff50f62.htm">Register<wbr />Routes</a></li></tocItems></toc>