﻿<?xml version="1.0" encoding="utf-8"?><toc><breadcrumbs><li><a href="9d30b5c1-fb27-e7f4-7fd8-01c70514bbde.htm">Docs</a></li><li><a href="724709de-2b40-d8b1-d414-08234dfbd06a.htm">Car<wbr />Rental<wbr />App.<wbr />Models.<wbr />View<wbr />Models</a></li><li><a href="37794b6e-93c8-e70f-501a-aaf6a0800750.htm">Clients<wbr />View<wbr />Model</a></li><li><a href="c794edf1-110e-b7ad-631b-ed12fceba652.htm">Properties</a></li></breadcrumbs><tocItems><li><a id="30024114-f175-0793-59c5-61378950904a" href="30024114-f175-0793-59c5-61378950904a.htm">Client<wbr />Building<wbr />Number</a></li><li><a id="1d5b8e4f-a39b-957b-5bab-e1523fb2f260" href="1d5b8e4f-a39b-957b-5bab-e1523fb2f260.htm">Client<wbr />City</a></li><li><a id="455c2eba-92bd-b276-f444-75423b5d9c9c" href="455c2eba-92bd-b276-f444-75423b5d9c9c.htm">Client<wbr />Document<wbr />Id</a></li><li><a id="e92c2e51-4f07-71bc-b245-520f40ee864e" href="e92c2e51-4f07-71bc-b245-520f40ee864e.htm">Client<wbr />Document<wbr />Name</a></li><li><a id="39d3cfb5-77e6-7374-6e36-87ba0ac29771" href="39d3cfb5-77e6-7374-6e36-87ba0ac29771.htm">Client<wbr />Email</a></li><li><a id="845bd08b-cdae-8cfc-8b9d-778ad51f9392" href="845bd08b-cdae-8cfc-8b9d-778ad51f9392.htm">Client<wbr />Flat<wbr />Number</a></li><li><a id="362a1687-bd18-8465-d22a-cb7661f04ec1" href="362a1687-bd18-8465-d22a-cb7661f04ec1.htm">Client<wbr />Name</a></li><li><a id="a8afaa7f-3b3f-39c3-b7a2-b5d2f85b5cc3" href="a8afaa7f-3b3f-39c3-b7a2-b5d2f85b5cc3.htm">Client<wbr />Street</a></li><li><a id="09176c8b-54c7-179e-0007-ccf9849f92f4" href="09176c8b-54c7-179e-0007-ccf9849f92f4.htm">Client<wbr />Surname</a></li><li><a id="6cebe7b4-8e2f-3c9e-bcb6-a2f58dad65c4" href="6cebe7b4-8e2f-3c9e-bcb6-a2f58dad65c4.htm">Client<wbr />Telephone</a></li></tocItems></toc>