﻿<?xml version="1.0" encoding="utf-8"?><toc><breadcrumbs><li><a href="9d30b5c1-fb27-e7f4-7fd8-01c70514bbde.htm">Docs</a></li><li><a href="724709de-2b40-d8b1-d414-08234dfbd06a.htm">Car<wbr />Rental<wbr />App.<wbr />Models.<wbr />View<wbr />Models</a></li><li><a href="4f6b4696-7398-6ac2-a600-fecf781e8273.htm">Rentals<wbr />View<wbr />Model</a></li><li><a href="8518f272-3e17-84ec-3751-9494ae8c773a.htm">Properties</a></li></breadcrumbs><tocItems><li><a id="000d6612-7d78-3da7-d035-26cbfeeacd0a" href="000d6612-7d78-3da7-d035-26cbfeeacd0a.htm">Car<wbr />Registration<wbr />Number</a></li><li><a id="3239ec9f-913b-09ec-b4b3-620770cbd097" href="3239ec9f-913b-09ec-b4b3-620770cbd097.htm">Client<wbr />Id</a></li><li><a id="10be1b38-4f9a-f1ed-cfd7-1cae91f036cd" href="10be1b38-4f9a-f1ed-cfd7-1cae91f036cd.htm">Notification<wbr />Message</a></li><li><a id="aab606ea-aabc-b86c-2952-bf70b301de25" href="aab606ea-aabc-b86c-2952-bf70b301de25.htm">Rental<wbr />End<wbr />Date</a></li><li><a id="cf0dda95-74ce-214d-3218-57173a93a7d7" href="cf0dda95-74ce-214d-3218-57173a93a7d7.htm">Rental<wbr />Start<wbr />Date</a></li><li><a id="efb9cc3b-14eb-0ff9-167b-94f201d4eaea" href="efb9cc3b-14eb-0ff9-167b-94f201d4eaea.htm">Show<wbr />Notification</a></li><li><a id="5f7cb53a-7087-c09d-b7dc-71ed555dbcb8" href="5f7cb53a-7087-c09d-b7dc-71ed555dbcb8.htm">Worker<wbr />Id</a></li></tocItems></toc>