﻿<?xml version="1.0" encoding="utf-8"?><toc><breadcrumbs><li><a href="9d30b5c1-fb27-e7f4-7fd8-01c70514bbde.htm">Docs</a></li><li><a href="3a0f4e9e-3b62-c485-e6c5-7fd23d40e98e.htm">Car<wbr />Rental<wbr />App.<wbr />Models.<wbr />Db<wbr />Models</a></li><li><a href="d5ca81c1-74ba-4798-a718-5ea6007e1f8b.htm">Car</a></li></breadcrumbs><tocItems><li><a id="6e41ebfa-3f27-c738-33fe-075a9fcd2350" class="has-submenu" href="6e41ebfa-3f27-c738-33fe-075a9fcd2350.htm"><span data-tocFile="../toc/IDABE.xml" class="icon toggle" onclick="ToggleExpandCollapse(this); return false;"><i class="fa fa-angle-right"> </i></span>Constructors</a><ul class="toc-menu is-hidden"> </ul></li><li><a id="08e92a8c-9340-d3f8-f1f0-4da68e6045e5" class="has-submenu" href="08e92a8c-9340-d3f8-f1f0-4da68e6045e5.htm"><span data-tocFile="../toc/IDBBE.xml" class="icon toggle" onclick="ToggleExpandCollapse(this); return false;"><i class="fa fa-angle-right"> </i></span>Properties</a><ul class="toc-menu is-hidden"> </ul></li><li><a id="33a72f9a-f907-a3f5-885c-94047bfeb748" href="33a72f9a-f907-a3f5-885c-94047bfeb748.htm">Methods</a></li></tocItems></toc>