﻿<?xml version="1.0" encoding="utf-8"?><toc><breadcrumbs><li><a href="9d30b5c1-fb27-e7f4-7fd8-01c70514bbde.htm">Docs</a></li><li><a href="2d62d35d-de95-82db-73d7-cc79bbca861c.htm">Car<wbr />Rental<wbr />App.<wbr />Migrations</a></li><li><a href="bcfc8936-8da1-8340-ddd2-0dfe26fe815a.htm">one</a></li><li><a href="d72b3361-f780-b6cc-5c49-79eae9b7f646.htm">Methods</a></li></breadcrumbs><tocItems><li><a id="52be3956-38e0-f9a3-b62c-4a63913dffa7" href="52be3956-38e0-f9a3-b62c-4a63913dffa7.htm">Down</a></li><li><a id="9131c353-0ec7-b3fa-aaee-953b0f8d78dd" href="9131c353-0ec7-b3fa-aaee-953b0f8d78dd.htm">Up</a></li></tocItems></toc>