﻿<?xml version="1.0" encoding="utf-8"?><toc><breadcrumbs><li><a href="9d30b5c1-fb27-e7f4-7fd8-01c70514bbde.htm">Docs</a></li><li><a href="2d62d35d-de95-82db-73d7-cc79bbca861c.htm">Car<wbr />Rental<wbr />App.<wbr />Migrations</a></li><li><a href="cbabecd6-e601-39da-4b89-f8d87d405f75.htm">seven</a></li><li><a href="667149e2-11aa-237c-a47b-dd54439e4866.htm">Methods</a></li></breadcrumbs><tocItems><li><a id="1d43bc33-9682-caf5-c446-b9cde13a387c" href="1d43bc33-9682-caf5-c446-b9cde13a387c.htm">Down</a></li><li><a id="d35e22a6-6893-354f-4d97-fe5869506065" href="d35e22a6-6893-354f-4d97-fe5869506065.htm">Up</a></li></tocItems></toc>