﻿<?xml version="1.0" encoding="utf-8"?><toc><breadcrumbs><li><a href="9d30b5c1-fb27-e7f4-7fd8-01c70514bbde.htm">Docs</a></li><li><a href="724709de-2b40-d8b1-d414-08234dfbd06a.htm">Car<wbr />Rental<wbr />App.<wbr />Models.<wbr />View<wbr />Models</a></li><li><a href="f1c7d6ad-8c52-f5a7-974a-2c7838a8ee4d.htm">Car<wbr />Models<wbr />View<wbr />Model</a></li></breadcrumbs><tocItems><li><a id="55d6038a-a577-5ef1-6f32-9ac6be34d07d" href="55d6038a-a577-5ef1-6f32-9ac6be34d07d.htm">Constructor</a></li><li><a id="a0da7795-5abd-929b-9fcb-9ea28a7d1b36" class="has-submenu" href="a0da7795-5abd-929b-9fcb-9ea28a7d1b36.htm"><span data-tocFile="../toc/IDBBF.xml" class="icon toggle" onclick="ToggleExpandCollapse(this); return false;"><i class="fa fa-angle-right"> </i></span>Properties</a><ul class="toc-menu is-hidden"> </ul></li><li><a id="b477ceaa-4413-84d4-b515-46e3f58bc0a2" href="b477ceaa-4413-84d4-b515-46e3f58bc0a2.htm">Methods</a></li></tocItems></toc>