﻿<?xml version="1.0" encoding="utf-8"?><toc><breadcrumbs><li><a href="9d30b5c1-fb27-e7f4-7fd8-01c70514bbde.htm">Docs</a></li><li><a href="2d62d35d-de95-82db-73d7-cc79bbca861c.htm">Car<wbr />Rental<wbr />App.<wbr />Migrations</a></li><li><a href="285343d3-03c2-8ff4-204e-1ca59a963ebd.htm">seven<wbr />1</a></li><li><a href="64fe0da4-356f-da2a-94fe-0e8c9162b5c9.htm">Methods</a></li></breadcrumbs><tocItems><li><a id="f27f1486-a590-6dc7-d642-d07a64ead800" href="f27f1486-a590-6dc7-d642-d07a64ead800.htm">Down</a></li><li><a id="4613ea76-8797-8dee-53be-7d09dcbb3cc8" href="4613ea76-8797-8dee-53be-7d09dcbb3cc8.htm">Up</a></li></tocItems></toc>