﻿<?xml version="1.0" encoding="utf-8"?><toc><breadcrumbs><li><a href="9d30b5c1-fb27-e7f4-7fd8-01c70514bbde.htm">Docs</a></li><li><a href="3a0f4e9e-3b62-c485-e6c5-7fd23d40e98e.htm">Car<wbr />Rental<wbr />App.<wbr />Models.<wbr />Db<wbr />Models</a></li><li><a href="cd84a643-93ce-241c-6f67-822fc5046f95.htm">Rental</a></li><li><a href="b4cdad45-004d-497c-e731-34916d696ea3.htm">Properties</a></li></breadcrumbs><tocItems><li><a id="dbb89153-590b-55de-9ab0-87f6b9c05a38" href="dbb89153-590b-55de-9ab0-87f6b9c05a38.htm">Car</a></li><li><a id="479f2fb2-94d4-57dc-2710-5e24fba30b5a" href="479f2fb2-94d4-57dc-2710-5e24fba30b5a.htm">Car<wbr />Registration<wbr />Number</a></li><li><a id="166ce619-2b9a-2ec2-0a5f-db44b35f1cb9" href="166ce619-2b9a-2ec2-0a5f-db44b35f1cb9.htm">Client</a></li><li><a id="8db71270-c782-34f5-aecf-bbe332996cd5" href="8db71270-c782-34f5-aecf-bbe332996cd5.htm">Client<wbr />Id</a></li><li><a id="19360b51-32ac-b2f7-9222-5702b51cbf5b" href="19360b51-32ac-b2f7-9222-5702b51cbf5b.htm">Notification<wbr />Message</a></li><li><a id="f2e9f27c-3853-63d5-370f-ae84814ed71a" href="f2e9f27c-3853-63d5-370f-ae84814ed71a.htm">Rental<wbr />Cost</a></li><li><a id="a70f3d8b-5fa2-f944-6658-382f5984130f" href="a70f3d8b-5fa2-f944-6658-382f5984130f.htm">Rental<wbr />End<wbr />Date</a></li><li><a id="08ff33db-1762-92bb-89a6-b0e0f9a756d7" href="08ff33db-1762-92bb-89a6-b0e0f9a756d7.htm">Rental<wbr />Id</a></li><li><a id="001e5aa0-1677-02a1-545e-7d55661ec853" href="001e5aa0-1677-02a1-545e-7d55661ec853.htm">Rental<wbr />Start<wbr />Date</a></li><li><a id="75ac59e5-73be-acde-d67b-30112f057e74" href="75ac59e5-73be-acde-d67b-30112f057e74.htm">Reservations</a></li><li><a id="5cc258ae-f326-af4a-0f64-3f378d2ab955" href="5cc258ae-f326-af4a-0f64-3f378d2ab955.htm">Show<wbr />Notification</a></li><li><a id="a10d95a1-6ef5-ac90-e61a-1780043d3d94" href="a10d95a1-6ef5-ac90-e61a-1780043d3d94.htm">Worker</a></li><li><a id="38dc3f0f-b90c-c49e-293c-b8e8b32d4034" href="38dc3f0f-b90c-c49e-293c-b8e8b32d4034.htm">Worker<wbr />Id</a></li></tocItems></toc>