﻿<?xml version="1.0" encoding="utf-8"?><toc><breadcrumbs><li><a href="9d30b5c1-fb27-e7f4-7fd8-01c70514bbde.htm">Docs</a></li><li><a href="3a0f4e9e-3b62-c485-e6c5-7fd23d40e98e.htm">Car<wbr />Rental<wbr />App.<wbr />Models.<wbr />Db<wbr />Models</a></li><li><a href="e583f406-0da6-931f-62f9-bc9eedc7fc51.htm">Worker</a></li><li><a href="d86a4763-82c0-0850-a034-a8e29c516f1e.htm">Properties</a></li></breadcrumbs><tocItems><li><a id="e1d18889-d56a-4887-eb4e-17776fe5f4f7" href="e1d18889-d56a-4887-eb4e-17776fe5f4f7.htm">Full<wbr />Worker<wbr />Name</a></li><li><a id="1218f279-8024-5a39-2033-7ef6118c9d3e" href="1218f279-8024-5a39-2033-7ef6118c9d3e.htm">Rentals</a></li><li><a id="1c60d033-35c2-f5ac-ae51-01a7b57fa1d4" href="1c60d033-35c2-f5ac-ae51-01a7b57fa1d4.htm">Worker<wbr />Id</a></li><li><a id="355841c7-2546-5278-1dbd-dfc103404e37" href="355841c7-2546-5278-1dbd-dfc103404e37.htm">Worker<wbr />Name</a></li><li><a id="6f47ec8b-570a-2ac0-7274-3e3403369ae6" href="6f47ec8b-570a-2ac0-7274-3e3403369ae6.htm">Worker<wbr />Surname</a></li></tocItems></toc>