﻿<?xml version="1.0" encoding="utf-8"?><toc><breadcrumbs><li><a href="9d30b5c1-fb27-e7f4-7fd8-01c70514bbde.htm">Docs</a></li><li><a href="2d62d35d-de95-82db-73d7-cc79bbca861c.htm">Car<wbr />Rental<wbr />App.<wbr />Migrations</a></li><li><a href="426b46ec-e30c-14df-e86b-5812ae713b59.htm">six</a></li><li><a href="be82b9b3-5dc1-437e-cc95-0e1ec2f119e7.htm">Methods</a></li></breadcrumbs><tocItems><li><a id="8231c2dd-68cd-0942-7c69-931ef5031dd5" href="8231c2dd-68cd-0942-7c69-931ef5031dd5.htm">Down</a></li><li><a id="6a679913-404f-5c1f-afe6-1216a7e011da" href="6a679913-404f-5c1f-afe6-1216a7e011da.htm">Up</a></li></tocItems></toc>