﻿<?xml version="1.0" encoding="utf-8"?><toc><breadcrumbs><li><a href="9d30b5c1-fb27-e7f4-7fd8-01c70514bbde.htm">Docs</a></li><li><a href="2d62d35d-de95-82db-73d7-cc79bbca861c.htm">Car<wbr />Rental<wbr />App.<wbr />Migrations</a></li><li><a href="e73af19d-64cf-08b7-32a8-b2b71a2cd8c9.htm">six<wbr />1</a></li><li><a href="c560ec8d-e856-51dc-7b53-d801300a492e.htm">Methods</a></li></breadcrumbs><tocItems><li><a id="04300fe7-56c9-dc02-c3d4-cc2dec80c4e2" href="04300fe7-56c9-dc02-c3d4-cc2dec80c4e2.htm">Down</a></li><li><a id="24e9307c-d876-36f6-40b3-3fab390a2a03" href="24e9307c-d876-36f6-40b3-3fab390a2a03.htm">Up</a></li></tocItems></toc>