﻿<?xml version="1.0" encoding="utf-8"?><toc><breadcrumbs><li><a href="9d30b5c1-fb27-e7f4-7fd8-01c70514bbde.htm">Docs</a></li><li><a href="2d62d35d-de95-82db-73d7-cc79bbca861c.htm">Car<wbr />Rental<wbr />App.<wbr />Migrations</a></li><li><a href="5be213cc-670c-dd91-3c13-3587dcc0837e.htm">six<wbr />2</a></li><li><a href="f9d32114-73b1-6765-765a-34ecc4240b8d.htm">Methods</a></li></breadcrumbs><tocItems><li><a id="1c08abd0-c43b-d942-ff97-2925fb51d553" href="1c08abd0-c43b-d942-ff97-2925fb51d553.htm">Down</a></li><li><a id="43d69ddb-9ace-98a6-2c6d-2b406f755844" href="43d69ddb-9ace-98a6-2c6d-2b406f755844.htm">Up</a></li></tocItems></toc>