﻿<?xml version="1.0" encoding="utf-8"?><toc><breadcrumbs><li><a href="9d30b5c1-fb27-e7f4-7fd8-01c70514bbde.htm">Docs</a></li><li><a href="2d62d35d-de95-82db-73d7-cc79bbca861c.htm">Car<wbr />Rental<wbr />App.<wbr />Migrations</a></li><li><a href="4ba57d8e-fa93-88e8-77d3-ee567e5a077f.htm">six<wbr />3</a></li><li><a href="0c3308df-a64b-4ff8-d713-7a3d49e466a4.htm">Methods</a></li></breadcrumbs><tocItems><li><a id="798e784b-8369-33f5-8bd4-f7adbf9f83bc" href="798e784b-8369-33f5-8bd4-f7adbf9f83bc.htm">Down</a></li><li><a id="fae9fd19-e4cd-d1b1-6d1c-75883ea76461" href="fae9fd19-e4cd-d1b1-6d1c-75883ea76461.htm">Up</a></li></tocItems></toc>