﻿<?xml version="1.0" encoding="utf-8"?><toc><breadcrumbs><li><a href="9d30b5c1-fb27-e7f4-7fd8-01c70514bbde.htm">Docs</a></li><li><a href="2d62d35d-de95-82db-73d7-cc79bbca861c.htm">Car<wbr />Rental<wbr />App.<wbr />Migrations</a></li><li><a href="4b5b566f-cf50-8687-d52c-ea36a0453f60.htm">three</a></li><li><a href="faa9d729-a93e-b17d-578d-75bc8d6d2204.htm">Methods</a></li></breadcrumbs><tocItems><li><a id="424c611f-375f-7fc8-0f92-37f519c0e91c" href="424c611f-375f-7fc8-0f92-37f519c0e91c.htm">Down</a></li><li><a id="9438f735-8ce1-a4fb-b23f-388eca33edb4" href="9438f735-8ce1-a4fb-b23f-388eca33edb4.htm">Up</a></li></tocItems></toc>