﻿<?xml version="1.0" encoding="utf-8"?><toc><breadcrumbs><li><a href="9d30b5c1-fb27-e7f4-7fd8-01c70514bbde.htm">Docs</a></li><li><a href="2d62d35d-de95-82db-73d7-cc79bbca861c.htm">Car<wbr />Rental<wbr />App.<wbr />Migrations</a></li><li><a href="866a5199-5efc-e7a7-3f8c-228152efb485.htm">two</a></li><li><a href="ed42047e-bf63-16fb-c7f8-bc18f6baadb8.htm">Methods</a></li></breadcrumbs><tocItems><li><a id="86da076f-d382-ab8a-91e3-e20a64d6a800" href="86da076f-d382-ab8a-91e3-e20a64d6a800.htm">Down</a></li><li><a id="66804c68-80da-6d96-16cf-d0820694c6de" href="66804c68-80da-6d96-16cf-d0820694c6de.htm">Up</a></li></tocItems></toc>