﻿<?xml version="1.0" encoding="utf-8"?><toc><breadcrumbs><li><a href="9d30b5c1-fb27-e7f4-7fd8-01c70514bbde.htm">Docs</a></li><li><a href="2d62d35d-de95-82db-73d7-cc79bbca861c.htm">Car<wbr />Rental<wbr />App.<wbr />Migrations</a></li></breadcrumbs><tocItems><li><a id="c6e1e6f5-1335-755b-b19e-93687312d554" class="has-submenu" href="c6e1e6f5-1335-755b-b19e-93687312d554.htm"><span data-tocFile="../toc/IDAC.xml" class="icon toggle" onclick="ToggleExpandCollapse(this); return false;"><i class="fa fa-angle-right"> </i></span>Configuration</a><ul class="toc-menu is-hidden"> </ul></li><li><a id="ea2ee5ad-056c-b407-30e9-56830eb68b63" class="has-submenu" href="ea2ee5ad-056c-b407-30e9-56830eb68b63.htm"><span data-tocFile="../toc/IDBC.xml" class="icon toggle" onclick="ToggleExpandCollapse(this); return false;"><i class="fa fa-angle-right"> </i></span>eight</a><ul class="toc-menu is-hidden"> </ul></li><li><a id="5beec10b-cd92-7317-67d5-88bdb4a82087" class="has-submenu" href="5beec10b-cd92-7317-67d5-88bdb4a82087.htm"><span data-tocFile="../toc/IDCC.xml" class="icon toggle" onclick="ToggleExpandCollapse(this); return false;"><i class="fa fa-angle-right"> </i></span>five</a><ul class="toc-menu is-hidden"> </ul></li><li><a id="b47af171-6fcb-1974-5d80-7ccafc8e9590" class="has-submenu" href="b47af171-6fcb-1974-5d80-7ccafc8e9590.htm"><span data-tocFile="../toc/IDDC.xml" class="icon toggle" onclick="ToggleExpandCollapse(this); return false;"><i class="fa fa-angle-right"> </i></span>nine</a><ul class="toc-menu is-hidden"> </ul></li><li><a id="bcfc8936-8da1-8340-ddd2-0dfe26fe815a" class="has-submenu" href="bcfc8936-8da1-8340-ddd2-0dfe26fe815a.htm"><span data-tocFile="../toc/IDEC.xml" class="icon toggle" onclick="ToggleExpandCollapse(this); return false;"><i class="fa fa-angle-right"> </i></span>one</a><ul class="toc-menu is-hidden"> </ul></li><li><a id="cbabecd6-e601-39da-4b89-f8d87d405f75" class="has-submenu" href="cbabecd6-e601-39da-4b89-f8d87d405f75.htm"><span data-tocFile="../toc/IDFC.xml" class="icon toggle" onclick="ToggleExpandCollapse(this); return false;"><i class="fa fa-angle-right"> </i></span>seven</a><ul class="toc-menu is-hidden"> </ul></li><li><a id="285343d3-03c2-8ff4-204e-1ca59a963ebd" class="has-submenu" href="285343d3-03c2-8ff4-204e-1ca59a963ebd.htm"><span data-tocFile="../toc/IDGC.xml" class="icon toggle" onclick="ToggleExpandCollapse(this); return false;"><i class="fa fa-angle-right"> </i></span>seven<wbr />1</a><ul class="toc-menu is-hidden"> </ul></li><li><a id="426b46ec-e30c-14df-e86b-5812ae713b59" class="has-submenu" href="426b46ec-e30c-14df-e86b-5812ae713b59.htm"><span data-tocFile="../toc/IDHC.xml" class="icon toggle" onclick="ToggleExpandCollapse(this); return false;"><i class="fa fa-angle-right"> </i></span>six</a><ul class="toc-menu is-hidden"> </ul></li><li><a id="e73af19d-64cf-08b7-32a8-b2b71a2cd8c9" class="has-submenu" href="e73af19d-64cf-08b7-32a8-b2b71a2cd8c9.htm"><span data-tocFile="../toc/IDIC.xml" class="icon toggle" onclick="ToggleExpandCollapse(this); return false;"><i class="fa fa-angle-right"> </i></span>six<wbr />1</a><ul class="toc-menu is-hidden"> </ul></li><li><a id="5be213cc-670c-dd91-3c13-3587dcc0837e" class="has-submenu" href="5be213cc-670c-dd91-3c13-3587dcc0837e.htm"><span data-tocFile="../toc/IDJC.xml" class="icon toggle" onclick="ToggleExpandCollapse(this); return false;"><i class="fa fa-angle-right"> </i></span>six<wbr />2</a><ul class="toc-menu is-hidden"> </ul></li><li><a id="4ba57d8e-fa93-88e8-77d3-ee567e5a077f" class="has-submenu" href="4ba57d8e-fa93-88e8-77d3-ee567e5a077f.htm"><span data-tocFile="../toc/IDKC.xml" class="icon toggle" onclick="ToggleExpandCollapse(this); return false;"><i class="fa fa-angle-right"> </i></span>six<wbr />3</a><ul class="toc-menu is-hidden"> </ul></li><li><a id="4b5b566f-cf50-8687-d52c-ea36a0453f60" class="has-submenu" href="4b5b566f-cf50-8687-d52c-ea36a0453f60.htm"><span data-tocFile="../toc/IDLC.xml" class="icon toggle" onclick="ToggleExpandCollapse(this); return false;"><i class="fa fa-angle-right"> </i></span>three</a><ul class="toc-menu is-hidden"> </ul></li><li><a id="866a5199-5efc-e7a7-3f8c-228152efb485" class="has-submenu" href="866a5199-5efc-e7a7-3f8c-228152efb485.htm"><span data-tocFile="../toc/IDMC.xml" class="icon toggle" onclick="ToggleExpandCollapse(this); return false;"><i class="fa fa-angle-right"> </i></span>two</a><ul class="toc-menu is-hidden"> </ul></li></tocItems></toc>