﻿<?xml version="1.0" encoding="utf-8"?><toc><breadcrumbs><li><a href="9d30b5c1-fb27-e7f4-7fd8-01c70514bbde.htm">Docs</a></li><li><a href="9d30b5c1-fb27-e7f4-7fd8-01c70514bbde.htm">Car<wbr />Rental<wbr />App</a></li><li><a href="b88757f7-d524-558a-ca37-cb0d7bf3e882.htm">Mvc<wbr />Application</a></li></breadcrumbs><tocItems><li><a id="d6536732-30d9-2fa1-abe0-94bd5e074139" href="d6536732-30d9-2fa1-abe0-94bd5e074139.htm">Constructor</a></li><li><a id="5e79f071-d832-9975-8e04-9d167e769e68" href="5e79f071-d832-9975-8e04-9d167e769e68.htm">Properties</a></li><li><a id="d0f5cf36-0a6a-bd45-0160-5bf9d97fce43" class="has-submenu" href="d0f5cf36-0a6a-bd45-0160-5bf9d97fce43.htm"><span data-tocFile="../toc/IDCCA.xml" class="icon toggle" onclick="ToggleExpandCollapse(this); return false;"><i class="fa fa-angle-right"> </i></span>Methods</a><ul class="toc-menu is-hidden"> </ul></li><li><a id="6bc75b60-4b8f-2b39-607b-aae88a414d77" href="6bc75b60-4b8f-2b39-607b-aae88a414d77.htm">Events</a></li></tocItems></toc>