﻿<?xml version="1.0" encoding="utf-8"?><toc><breadcrumbs><li><a href="9d30b5c1-fb27-e7f4-7fd8-01c70514bbde.htm">Docs</a></li><li><a href="bfa2a3f6-5225-4050-ce58-60ccabd99e69.htm">Car<wbr />Rental<wbr />App.<wbr />Controllers</a></li><li><a href="a2f31c51-036d-48d3-70b9-b73c68406768.htm">Bookings<wbr />Controller</a></li><li><a href="db2c4ed0-19ab-ea51-c1cb-b0ff2d5a0104.htm">Methods</a></li></breadcrumbs><tocItems><li><a id="52722f52-fb86-127b-edab-c0c91ecd9a39" href="52722f52-fb86-127b-edab-c0c91ecd9a39.htm">Car<wbr />Is<wbr />Rented</a></li><li><a id="9e4950ec-0285-33c5-fb07-6b7428873be1" class="has-submenu" href="9e4950ec-0285-33c5-fb07-6b7428873be1.htm"><span data-tocFile="../toc/IDBCAB.xml" class="icon toggle" onclick="ToggleExpandCollapse(this); return false;"><i class="fa fa-angle-right"> </i></span>Create</a><ul class="toc-menu is-hidden"> </ul></li><li><a id="b56aed22-6079-d15f-7243-955e7a4ae9ea" href="b56aed22-6079-d15f-7243-955e7a4ae9ea.htm">Delete</a></li><li><a id="fbe8e787-310c-d6a2-0ede-deef29a75c3b" href="fbe8e787-310c-d6a2-0ede-deef29a75c3b.htm">Delete<wbr />Confirmed</a></li><li><a id="eb9af14f-3a50-fd8c-05d4-d7dcb1f38249" href="eb9af14f-3a50-fd8c-05d4-d7dcb1f38249.htm">Details</a></li><li><a id="1ab52c31-0ecd-0bd1-fdbf-452a91be8e12" class="has-submenu" href="1ab52c31-0ecd-0bd1-fdbf-452a91be8e12.htm"><span data-tocFile="../toc/IDFCAB.xml" class="icon toggle" onclick="ToggleExpandCollapse(this); return false;"><i class="fa fa-angle-right"> </i></span>Dispose</a><ul class="toc-menu is-hidden"> </ul></li><li><a id="41560623-1fc5-6361-fc4a-afe354317b87" class="has-submenu" href="41560623-1fc5-6361-fc4a-afe354317b87.htm"><span data-tocFile="../toc/IDGCAB.xml" class="icon toggle" onclick="ToggleExpandCollapse(this); return false;"><i class="fa fa-angle-right"> </i></span>Edit</a><ul class="toc-menu is-hidden"> </ul></li><li><a id="c122d935-5dd2-8b62-6a01-ff436522f554" href="c122d935-5dd2-8b62-6a01-ff436522f554.htm">Index</a></li><li><a id="a48bb16b-d72c-1234-8418-ce5979dd6d8c" href="a48bb16b-d72c-1234-8418-ce5979dd6d8c.htm">Search</a></li></tocItems></toc>