﻿<?xml version="1.0" encoding="utf-8"?><toc><breadcrumbs><li><a href="9d30b5c1-fb27-e7f4-7fd8-01c70514bbde.htm">Docs</a></li><li><a href="2d62d35d-de95-82db-73d7-cc79bbca861c.htm">Car<wbr />Rental<wbr />App.<wbr />Migrations</a></li><li><a href="c6e1e6f5-1335-755b-b19e-93687312d554.htm">Configuration</a></li><li><a href="27ee333a-ff64-b5f6-2fd3-99944f62ff4c.htm">Methods</a></li></breadcrumbs><tocItems><li><a id="743a78ad-da60-3eb5-8daf-a5155032d68b" href="743a78ad-da60-3eb5-8daf-a5155032d68b.htm">Seed</a></li></tocItems></toc>