﻿<?xml version="1.0" encoding="utf-8"?><toc><breadcrumbs><li><a href="9d30b5c1-fb27-e7f4-7fd8-01c70514bbde.htm">Docs</a></li><li><a href="3a0f4e9e-3b62-c485-e6c5-7fd23d40e98e.htm">Car<wbr />Rental<wbr />App.<wbr />Models.<wbr />Db<wbr />Models</a></li><li><a href="f6861b48-e1d7-06f5-09c4-cde838b08113.htm">Booking</a></li><li><a href="812e0ea7-b8a6-bb84-0c73-53d20a4881a9.htm">Methods</a></li></breadcrumbs><tocItems><li><a id="6ca7eb51-1fcf-1785-3295-4e71bbb02940" href="6ca7eb51-1fcf-1785-3295-4e71bbb02940.htm">Booking<wbr />To<wbr />Rental</a></li><li><a id="2fbbcb03-1f47-1e49-2e2d-d0a42715888f" href="2fbbcb03-1f47-1e49-2e2d-d0a42715888f.htm">To<wbr />String</a></li></tocItems></toc>