﻿<?xml version="1.0" encoding="utf-8"?><toc><breadcrumbs><li><a href="9d30b5c1-fb27-e7f4-7fd8-01c70514bbde.htm">Docs</a></li><li><a href="bfa2a3f6-5225-4050-ce58-60ccabd99e69.htm">Car<wbr />Rental<wbr />App.<wbr />Controllers</a></li><li><a href="c15a631a-6e00-9e0d-a298-0ca7d9086d60.htm">Car<wbr />Models<wbr />Controller</a></li><li><a href="b49ca394-d1db-b6f1-7320-82130a8edf90.htm">Methods</a></li></breadcrumbs><tocItems><li><a id="ecaf8ae9-447e-1f1d-d013-6b6dee0844c4" class="has-submenu" href="ecaf8ae9-447e-1f1d-d013-6b6dee0844c4.htm"><span data-tocFile="../toc/IDACBB.xml" class="icon toggle" onclick="ToggleExpandCollapse(this); return false;"><i class="fa fa-angle-right"> </i></span>Create</a><ul class="toc-menu is-hidden"> </ul></li><li><a id="5967e851-03eb-8113-8e6d-96e35e829176" href="5967e851-03eb-8113-8e6d-96e35e829176.htm">Delete</a></li><li><a id="86c14d25-7941-a457-5592-d4bbd8538b6c" href="86c14d25-7941-a457-5592-d4bbd8538b6c.htm">Delete<wbr />Confirmed</a></li><li><a id="5795adfd-7a9c-f869-0025-832dca283b9e" href="5795adfd-7a9c-f869-0025-832dca283b9e.htm">Details</a></li><li><a id="12145590-5d0d-2219-c22c-11ca069d9cbf" class="has-submenu" href="12145590-5d0d-2219-c22c-11ca069d9cbf.htm"><span data-tocFile="../toc/IDECBB.xml" class="icon toggle" onclick="ToggleExpandCollapse(this); return false;"><i class="fa fa-angle-right"> </i></span>Dispose</a><ul class="toc-menu is-hidden"> </ul></li><li><a id="1f29faee-ce1e-9468-0c78-fc15bc94e179" class="has-submenu" href="1f29faee-ce1e-9468-0c78-fc15bc94e179.htm"><span data-tocFile="../toc/IDFCBB.xml" class="icon toggle" onclick="ToggleExpandCollapse(this); return false;"><i class="fa fa-angle-right"> </i></span>Edit</a><ul class="toc-menu is-hidden"> </ul></li><li><a id="f74af7fe-e986-574c-6db6-5c4089ba8bdc" href="f74af7fe-e986-574c-6db6-5c4089ba8bdc.htm">Index</a></li></tocItems></toc>