﻿<?xml version="1.0" encoding="utf-8"?><toc><breadcrumbs><li><a href="9d30b5c1-fb27-e7f4-7fd8-01c70514bbde.htm">Docs</a></li><li><a href="bfa2a3f6-5225-4050-ce58-60ccabd99e69.htm">Car<wbr />Rental<wbr />App.<wbr />Controllers</a></li><li><a href="12d96b3f-3a14-2a73-ef17-0f3fe9740368.htm">Cars<wbr />Controller</a></li></breadcrumbs><tocItems><li><a id="6d2f8428-1934-64f1-1227-77942fc04242" href="6d2f8428-1934-64f1-1227-77942fc04242.htm">Constructor</a></li><li><a id="f781c471-7366-9dd6-203a-5cb2d93cd551" href="f781c471-7366-9dd6-203a-5cb2d93cd551.htm">Properties</a></li><li><a id="2cf6ef68-365f-248b-f697-b210cf13bfaf" class="has-submenu" href="2cf6ef68-365f-248b-f697-b210cf13bfaf.htm"><span data-tocFile="../toc/IDCCB.xml" class="icon toggle" onclick="ToggleExpandCollapse(this); return false;"><i class="fa fa-angle-right"> </i></span>Methods</a><ul class="toc-menu is-hidden"> </ul></li><li><a id="5e89d885-32db-7ee7-770c-ee44b2de5cb5" class="has-submenu" href="5e89d885-32db-7ee7-770c-ee44b2de5cb5.htm"><span data-tocFile="../toc/IDDCB.xml" class="icon toggle" onclick="ToggleExpandCollapse(this); return false;"><i class="fa fa-angle-right"> </i></span>Fields</a><ul class="toc-menu is-hidden"> </ul></li></tocItems></toc>